piece_id,name,artist
213,Flight or Fight - The Transition to Nightmare,mr6volt
214,Untitled,aiyellahensrud
215,Departure,PMsAnonymous
216,Blues in the gray,Lucifer_The_Saint
217,Deathbed,SocialHack
218,A Fleeting Collage,Linkoln_sosias
219,Fight or flight,Nstav
220,Torn,Tylertr0n85
221,The moment of decision,kamyk00
222,i'm not strong i'm 5,talldogwithlongbeak
223,British Warbird,Medjoe
224,Adapt to situation ,YvonnePistachette
225,A choice to make,RenLen80
226,"""Nalulunod Sa Dugo""",zeni75
227,Submission,daninovakstudio
228,Primal Twins,Yadadame
229,Fear of Death,whooves
230,This must be hell,Tuomashl
231,Pandemic Elysium,vicarious_10k
232,Stranger in the Desert,Bloomingzonda
233,Island,willthethrillz
234,"""Hamstrung""",alexjensenfa
235,Untitled,KeepOnFailing
236,Demon’s Deconstructionist,lycheejellyslug
237,Uncertainty,KickingJoub
238,Hygeine,gardenshoe
239,In the Mouth of Madness,RoyBatty06
240,Joining The Circus,VooVee
241,Fire.Fight.Flight.,SSJets_STC
242,Good vibes,fru_drusse,
243,Incoming Fear,kontemplartimo
